name,address,market,slug
Aqua Beach Resort,"15625 Front Beach Road, Panama City Beach, FL 32413",pcb,aqua-beach-resort
Aqua Vista,"17155 Front Beach Rd, Panama City Beach, FL 32413",pcb,aqua-vista
Barefoot On The Beach,"11073 Front Beach Rd, Panama City Beach, FL 32407-3527",pcb,barefoot-on-the-beach
Beachcomber Beachfront Hotel,"17101 Front Beach Road, Panama City Beach, FL 32413",pcb,beachcomber-beachfront-hotel
Beach Tower Beachfront Hotel,"12001 Front Beach Rd, Panama City Beach, FL 32407-3403",pcb,beach-tower-beachfront-hotel
Barefoot Hideaway,"15405 Front Beach Rd, Panama City Beach, FL 32413",pcb,barefoot-hideaway
Calypso Beach Resort,"15817 Front Beach Rd, Panama City Beach, FL 32413",pcb,calypso-beach-resort
Chateau Beachfront Hotel,"12525 Front Beach Rd, Panama City Beach, FL 32407-3306",pcb,chateau-beachfront-hotel
Celadon Beach Resort,"17757 Front Beach Rd, Panama City Beach, FL 32413",pcb,celadon-beach-resort
Commodore,"4715 Thomas Dr, Panama City, FL 32408",pcb,commodore
Coral Reef,"6609 Thomas Dr, Panama City, FL 32408",pcb,coral-reef
Dunes of Panama,"7205 Thomas Dr, Panama City Beach, FL 32408",pcb,dunes-of-panama
Embassy Suites,"16006 Front Beach Rd, Panama City Beach, FL 32413",pcb,embassy-suites
Grandview,"10713 Front Beach Rd, Panama City Beach, FL 32407",pcb,grandview
Gulf Crest,"8715 Surf Dr, Panama City Beach, FL 32408",pcb,gulf-crest
Hadley's Beach,"5939 Gulf Dr, Panama City Beach, FL 32408",pcb,hadleys-beach
Hidden Dunes,"7115 Thomas Dr, Panama City Beach, FL 32408",pcb,hidden-dunes
Holiday Terrace Beachfront Hotel,"11831 Front Beach Rd, Panama City Beach, FL 32407-3601",pcb,holiday-terrace-beachfront-hotel
Laketown Wharf,"9902 S. Thomas Dr. Panama City Beach, FL 32408",pcb,laketown-wharf
Leeward Windward,"11212 Front Beach Rd, Panama City Beach, FL 32407",pcb,leeward-windward
Long Beach,"Long Beach Resort, Panama City Beach, FL 32407",pcb,long-beach
Marisol Condominium,"10719 Front Beach Rd, Panama City Beach, FL 32407",pcb,marisol-condominium
Moon Drifter,"8815 Thomas Dr, Panama City Beach, FL 32408-4002",pcb,moon-drifter
Moonspinner,"4425 Thomas Dr, Panama City, FL 32408",pcb,moonspinner
Ocean Ritz,"10611 Front Beach Rd, Panama City Beach, FL 32407",pcb,ocean-ritz
Ocean Towers,"11211 Front Beach Road, Panama City Beach, FL 32407",pcb,ocean-towers
Russell-Fields City Pier,"16201 Front Beach Rd, Panama City Beach, FL",pcb,russell-fields-city-pier
Palmetto Beachfront Resort,"17255 Front Beach Rd, Panama City Beach, FL 32413",pcb,palmetto-beachfront-resort
Pelican Walk,"6905 Thomas Dr, Panama City, FL 32408",pcb,pelican-walk
Pineapple Willys,"9875 S Thomas Dr, Panama City Beach, FL 32408-4218",pcb,pineapple-willys
Princess Condominium,"6415 Thomas Dr, Panama City Beach, FL 32408",pcb,princess-condominium
Radisson Beachfront Hotel,"15325 Front Beach Rd, Panama City Beach, FL 32413",pcb,radisson-beachfront-hotel
Regency Towers,"5801 Thomas Dr, Panama City, FL 32408",pcb,regency-towers
Ramada,"15405 Front Beach Rd, Panama City Beach, FL 32413-2501",pcb,ramada
Rick Seltzer Park,"7419 Thomas Drive, Panama City, FL 32408",pcb,rick-seltzer-park
Sea Side Villas,"4701 Thomas Dr, Panama City Beach, FL 32408",pcb,sea-side-villas
Seychelles,"5115 Gulf Dr, Panama City Beach, FL 32408",pcb,seychelles
Splash Beach Resort,"17698 Front Beach Rd, Panama City Beach, FL 32413",pcb,splash-beach-resort
Sterling Breeze,"17101 Front Beach Rd, Panama City Beach, FL 32413",pcb,sterling-breeze
Sterling Reef,"12011 Front Beach Rd, Panama City Beach, FL 32407",pcb,sterling-reef
Sugar Beach,"8727 Thomas Dr, Panama City, FL 32408",pcb,sugar-beach
Sugar Sands Beachfront Hotel,"20723 Front Beach Rd, Panama City Beach, FL 32413-3625",pcb,sugar-sands-beachfront-hotel
Summerhouse,"6505 Thomas Dr, Panama City, FL 32408",pcb,summerhouse
Summit Beach Resort,"8743 Thomas Dr mailbox 1514, Panama City Beach, FL 32408",pcb,summit-beach-resort
Sunbird Condominium,"9840 S Thomas Dr, Panama City Beach, FL 32408",pcb,sunbird-condominium
Top of the Gulf,"8817 Thomas Dr, Panama City Beach, FL 32408",pcb,top-of-the-gulf
Treasure Island Resort,"5004 Thomas Dr, Panama City Beach, FL 32408",pcb,treasure-island-resort
Twin Palms,"10519 Front Beach Rd, Panama City Beach, FL 32407",pcb,twin-palms
Whispering Seas,"8610 Surf Dr, Panama City Beach, FL 32408",pcb,whispering-seas
